{
    "version": "1.0.0",
    "configTime": "2023/01/01",
    "devices": [
        {
            "sn": "CP4H74D0003D",
            "syncConfig": {
                "syncMode": "OB_MULTI_DEVICE_SYNC_MODE_SECONDARY",
                "depthDelayUs": 0,
                "colorDelayUs": 0,
                "trigger2ImageDelayUs": 0,
                "triggerOutEnable": false,
                "triggerOutDelayUs": 0,
                "framesPerTrigger": 30
            }
        },
        {
            "sn": "GMSL00000005",
            "syncConfig": {
                "syncMode": "OB_MULTI_DEVICE_SYNC_MODE_SECONDARY",
                "depthDelayUs": 0,
                "colorDelayUs": 0,
                "trigger2ImageDelayUs": 0,
                "triggerOutEnable": false,
                "triggerOutDelayUs": 0,
                "framesPerTrigger": 30
            }
        }
    ],
    "hardwareTriggerFps": 3000
}